<?xml version="1.0" encoding="utf-8"?>
<extension version="3.0" type="plugin" group="content" method="upgrade">
        <name>PLG_CONTENT_MERKA</name>
        <author>Karel Mertens</author>
        <creationDate>26/05/2014</creationDate>
        <copyright>Merkasoft</copyright>
        <license>GNU General Public License</license>
        <authorEmail>karel@merka.be</authorEmail>
        <authorUrl>http://lol.merka.be</authorUrl>
        <version>3.0.0</version>
        <description>PLG_CONTENT_MERKA_XML_DESCRIPTION</description>
        <files>
                <filename plugin="merka">merka.php</filename>
                <filename>index.html</filename>
        </files>
        <languages>
			<language tag="nl-BE">language/nl-BE/nl-BE.plg_content_merka.ini</language>
			<language tag="nl-BE">language/nl-BE/nl-BE.plg_content_merka.sys.ini</language>
			<language tag="nl-NL">language/nl-NL/nl-NL.plg_content_merka.ini</language>
			<language tag="nl-NL">language/nl-NL/nl-NL.plg_content_merka.sys.ini</language>
			<language tag="en-GB">language/en-GB/en-GB.plg_content_merka.ini</language>
			<language tag="en-GB">language/en-GB/en-GB.plg_content_merka.sys.ini</language>
	    </languages>
        <config>
		<fields name="params">
			<fieldset name="basic">		
							
				<field name="positieV" type="checkbox" 
					default= "0"
					label="PLG_CONTENT_MERKA_FIELD_POSITIEV_LABEL" 
					description="PLG_CONTENT_MERKA_FIELD_POSITIEV_DESC" 
				/>

				<field name="positieN" type="checkbox" 
					default= "0"
					label="PLG_CONTENT_MERKA_FIELD_POSITIEN_LABEL" 
					description="PLG_CONTENT_MERKA_FIELD_POSITIEN_DESC" 
				/>
			
				<field name="startdate" type="calendar" 
					default="21-05-2014" 
					label="PLG_CONTENT_MERKA_FIELD_STARTDATE_LABEL" 
					description="PLG_CONTENT_MERKA_FIELD_STARTDATE_DESC" format="%d-%m-%Y" 
				/>
				<field name="edit1" label ="PLG_CONTENT_MERKA_FIELD_EDIT1_LABEL" type="editor" width="300" filter="safehtml"  
				
				/>
													
   			</fieldset>
		</fields>
	</config>    		
</extension>